true,pred,confidence
box_elder,box_elder,0.5859375
box_elder,box_elder,0.7255859375
box_elder,box_elder,0.8837890625
box_elder,box_elder,0.9482421875
box_elder,box_elder,0.51318359375
box_elder,box_elder,0.994140625
box_elder,box_elder,0.83056640625
box_elder,box_elder,0.9697265625
box_elder,box_elder,0.88525390625
box_elder,box_elder,0.849609375
box_elder,box_elder,0.7373046875
box_elder,box_elder,0.59033203125
box_elder,box_elder,0.95458984375
box_elder,box_elder,0.85546875
box_elder,poison_oak_pacific,0.281494140625
box_elder,box_elder,0.58984375
box_elder,box_elder,0.97412109375
box_elder,box_elder,0.96484375
box_elder,box_elder,0.75537109375
box_elder,box_elder,0.97265625
box_elder,box_elder,0.9140625
box_elder,box_elder,0.97265625
box_elder,poison_oak_atlantic,0.323974609375
box_elder,box_elder,0.9072265625
box_elder,box_elder,0.81298828125
box_elder,box_elder,0.91015625
box_elder,box_elder,0.97412109375
box_elder,box_elder,0.7646484375
box_elder,box_elder,0.60302734375
box_elder,box_elder,0.424072265625
box_elder,box_elder,0.67724609375
box_elder,box_elder,0.98388671875
box_elder,box_elder,0.94287109375
box_elder,box_elder,0.69091796875
box_elder,box_elder,0.5849609375
box_elder,box_elder,0.3330078125
box_elder,box_elder,0.69873046875
box_elder,box_elder,0.8056640625
box_elder,box_elder,0.7763671875
box_elder,box_elder,0.646484375
box_elder,box_elder,0.93017578125
box_elder,box_elder,0.96240234375
box_elder,box_elder,0.45556640625
box_elder,box_elder,0.95166015625
box_elder,box_elder,0.96337890625
box_elder,box_elder,0.3251953125
box_elder,box_elder,0.76171875
box_elder,box_elder,0.38037109375
box_elder,box_elder,0.47900390625
box_elder,box_elder,0.80419921875
box_elder,box_elder,0.98681640625
box_elder,poison_ivy_eastern,0.377685546875
box_elder,box_elder,0.705078125
box_elder,box_elder,0.990234375
box_elder,box_elder,0.55712890625
box_elder,box_elder,0.91259765625
box_elder,poison_ivy_eastern,0.26171875
box_elder,box_elder,0.83251953125
box_elder,box_elder,0.53759765625
box_elder,box_elder,0.927734375
box_elder,box_elder,0.931640625
box_elder,box_elder,0.72900390625
box_elder,box_elder,0.98486328125
box_elder,box_elder,0.61376953125
box_elder,box_elder,0.90869140625
box_elder,box_elder,0.87890625
box_elder,box_elder,0.97998046875
box_elder,box_elder,0.72607421875
box_elder,box_elder,0.6904296875
box_elder,box_elder,0.9462890625
box_elder,box_elder,0.966796875
box_elder,box_elder,0.98779296875
box_elder,box_elder,0.9912109375
box_elder,box_elder,0.9912109375
box_elder,box_elder,0.93701171875
box_elder,brambles,0.67333984375
box_elder,box_elder,0.958984375
box_elder,box_elder,0.76123046875
box_elder,box_elder,0.98193359375
box_elder,box_elder,0.9736328125
box_elder,box_elder,0.787109375
box_elder,box_elder,0.98291015625
box_elder,box_elder,0.97705078125
box_elder,box_elder,0.9599609375
box_elder,box_elder,0.80078125
box_elder,box_elder,0.53271484375
box_elder,box_elder,0.9912109375
box_elder,poison_ivy_eastern,0.32763671875
box_elder,poison_ivy_western,0.360107421875
box_elder,staghorn_sumac,0.359375
box_elder,box_elder,0.9970703125
box_elder,box_elder,0.9931640625
box_elder,box_elder,0.97998046875
box_elder,box_elder,0.9501953125
box_elder,box_elder,0.7890625
box_elder,box_elder,0.97900390625
box_elder,box_elder,0.8701171875
box_elder,box_elder,0.42138671875
box_elder,box_elder,0.87255859375
box_elder,box_elder,0.5859375
box_elder,box_elder,0.6455078125
box_elder,box_elder,0.6064453125
box_elder,box_elder,0.990234375
box_elder,box_elder,0.98193359375
box_elder,box_elder,0.81640625
box_elder,box_elder,0.9677734375
box_elder,box_elder,0.98486328125
box_elder,box_elder,0.93701171875
box_elder,box_elder,0.9384765625
box_elder,box_elder,0.96240234375
box_elder,box_elder,0.9912109375
box_elder,box_elder,0.72265625
box_elder,box_elder,0.95361328125
box_elder,box_elder,0.67919921875
box_elder,box_elder,0.9892578125
box_elder,box_elder,0.67236328125
box_elder,box_elder,0.830078125
box_elder,box_elder,0.9462890625
box_elder,box_elder,0.6650390625
box_elder,box_elder,0.70458984375
box_elder,box_elder,0.7080078125
box_elder,box_elder,0.70556640625
box_elder,box_elder,0.78271484375
box_elder,box_elder,0.90087890625
box_elder,box_elder,0.82373046875
box_elder,box_elder,0.2119140625
box_elder,box_elder,0.849609375
box_elder,box_elder,0.49853515625
box_elder,box_elder,0.72119140625
box_elder,box_elder,0.373291015625
box_elder,box_elder,0.364990234375
box_elder,box_elder,0.9326171875
box_elder,box_elder,0.9404296875
box_elder,box_elder,0.958984375
box_elder,box_elder,0.7158203125
box_elder,box_elder,0.97265625
box_elder,box_elder,0.921875
box_elder,box_elder,0.418701171875
box_elder,box_elder,0.9150390625
box_elder,box_elder,0.869140625
box_elder,virginia_creeper,0.544921875
box_elder,box_elder,0.990234375
box_elder,box_elder,0.47998046875
brambles,brambles,0.98193359375
brambles,brambles,0.693359375
brambles,brambles,0.94384765625
brambles,brambles,0.94091796875
brambles,virginia_creeper,0.3740234375
brambles,brambles,0.89892578125
brambles,brambles,0.9892578125
brambles,brambles,0.99609375
brambles,brambles,0.8974609375
brambles,brambles,0.89892578125
brambles,brambles,0.99609375
brambles,brambles,0.95166015625
brambles,brambles,0.7490234375
brambles,brambles,0.77001953125
brambles,brambles,0.9921875
brambles,brambles,0.6650390625
brambles,brambles,0.6796875
brambles,brambles,0.53466796875
brambles,brambles,0.88427734375
brambles,brambles,0.994140625
brambles,brambles,0.4736328125
brambles,brambles,0.97900390625
brambles,brambles,0.8154296875
brambles,brambles,0.8388671875
brambles,brambles,0.80078125
brambles,virginia_creeper,0.61962890625
brambles,brambles,0.767578125
brambles,brambles,0.92529296875
brambles,brambles,0.9951171875
brambles,brambles,0.9716796875
brambles,brambles,0.66748046875
brambles,brambles,0.98681640625
brambles,brambles,0.90966796875
brambles,brambles,0.98681640625
brambles,brambles,0.2464599609375
brambles,brambles,0.7236328125
brambles,brambles,0.94482421875
brambles,brambles,0.97802734375
brambles,brambles,0.96240234375
brambles,brambles,0.95703125
brambles,brambles,0.97998046875
brambles,brambles,0.9892578125
brambles,brambles,0.97998046875
brambles,brambles,0.94287109375
brambles,brambles,0.9951171875
brambles,poison_oak_pacific,0.60546875
brambles,brambles,0.97998046875
brambles,brambles,0.97998046875
brambles,brambles,0.9970703125
brambles,brambles,0.9716796875
brambles,brambles,0.916015625
brambles,brambles,0.97705078125
brambles,brambles,0.2919921875
brambles,brambles,0.9970703125
brambles,brambles,0.86181640625
brambles,brambles,0.97998046875
brambles,brambles,0.36962890625
brambles,brambles,0.448486328125
brambles,brambles,0.9482421875
brambles,brambles,0.86474609375
brambles,brambles,0.93701171875
brambles,brambles,0.7802734375
brambles,brambles,0.94580078125
brambles,brambles,0.8662109375
brambles,brambles,0.98291015625
brambles,brambles,0.31494140625
brambles,brambles,0.97412109375
brambles,brambles,0.92431640625
brambles,brambles,0.9150390625
brambles,brambles,0.81396484375
brambles,brambles,0.98583984375
brambles,brambles,0.9697265625
brambles,brambles,0.9921875
brambles,brambles,0.98583984375
brambles,brambles,0.89599609375
brambles,brambles,0.9892578125
brambles,brambles,0.88134765625
brambles,brambles,0.95166015625
brambles,brambles,0.95361328125
brambles,brambles,0.95556640625
brambles,brambles,0.9716796875
brambles,brambles,0.74609375
brambles,brambles,0.98486328125
brambles,brambles,0.98486328125
brambles,brambles,0.9921875
brambles,brambles,0.97607421875
brambles,brambles,0.9560546875
brambles,brambles,0.91845703125
brambles,brambles,0.9912109375
brambles,brambles,0.94580078125
brambles,brambles,0.9912109375
brambles,brambles,0.9931640625
brambles,brambles,0.98388671875
brambles,brambles,0.98583984375
brambles,poison_oak_atlantic,0.80126953125
brambles,brambles,0.48681640625
brambles,brambles,0.9482421875
brambles,brambles,0.9599609375
brambles,brambles,0.88134765625
brambles,brambles,0.52294921875
brambles,brambles,0.55078125
brambles,brambles,0.9951171875
brambles,poison_ivy_western,0.61865234375
brambles,brambles,1.0
brambles,brambles,0.9677734375
brambles,brambles,0.9931640625
brambles,brambles,0.92919921875
brambles,brambles,0.6884765625
brambles,brambles,0.73583984375
brambles,brambles,0.9892578125
brambles,brambles,0.9384765625
brambles,brambles,0.493408203125
brambles,brambles,0.98193359375
brambles,brambles,0.9677734375
brambles,brambles,0.7177734375
brambles,brambles,0.5400390625
brambles,brambles,0.9970703125
brambles,brambles,0.98681640625
brambles,brambles,0.45703125
brambles,brambles,0.748046875
brambles,brambles,0.98291015625
brambles,brambles,0.8388671875
brambles,brambles,0.994140625
brambles,brambles,0.83544921875
brambles,brambles,0.994140625
brambles,staghorn_sumac,0.233642578125
brambles,brambles,0.98876953125
brambles,brambles,0.791015625
brambles,brambles,0.947265625
brambles,brambles,0.98876953125
brambles,brambles,0.91845703125
brambles,virginia_creeper,0.424072265625
brambles,brambles,0.75927734375
brambles,brambles,0.98876953125
brambles,brambles,0.97412109375
brambles,brambles,0.98876953125
brambles,brambles,0.90966796875
brambles,brambles,0.99609375
brambles,brambles,0.97900390625
brambles,brambles,0.9970703125
brambles,brambles,0.99609375
brambles,brambles,0.9892578125
brambles,brambles,0.477294921875
fragrant_sumac,fragrant_sumac,0.61767578125
fragrant_sumac,fragrant_sumac,0.84228515625
fragrant_sumac,fragrant_sumac,0.98095703125
fragrant_sumac,fragrant_sumac,0.92578125
fragrant_sumac,fragrant_sumac,0.70947265625
fragrant_sumac,fragrant_sumac,0.869140625
fragrant_sumac,poison_ivy_eastern,0.54052734375
fragrant_sumac,fragrant_sumac,0.96240234375
fragrant_sumac,fragrant_sumac,0.93701171875
fragrant_sumac,fragrant_sumac,0.91015625
fragrant_sumac,fragrant_sumac,0.95361328125
fragrant_sumac,fragrant_sumac,0.9033203125
fragrant_sumac,fragrant_sumac,0.56884765625
fragrant_sumac,fragrant_sumac,0.9736328125
fragrant_sumac,fragrant_sumac,0.82177734375
fragrant_sumac,fragrant_sumac,0.939453125
fragrant_sumac,fragrant_sumac,0.79638671875
fragrant_sumac,fragrant_sumac,0.98095703125
fragrant_sumac,fragrant_sumac,0.72705078125
fragrant_sumac,fragrant_sumac,0.7255859375
fragrant_sumac,fragrant_sumac,0.6357421875
fragrant_sumac,fragrant_sumac,0.87744140625
fragrant_sumac,fragrant_sumac,0.98876953125
fragrant_sumac,poison_oak_atlantic,0.385009765625
fragrant_sumac,fragrant_sumac,0.9384765625
fragrant_sumac,fragrant_sumac,0.97607421875
fragrant_sumac,fragrant_sumac,0.97509765625
fragrant_sumac,fragrant_sumac,0.99609375
fragrant_sumac,fragrant_sumac,0.98779296875
fragrant_sumac,fragrant_sumac,0.9931640625
fragrant_sumac,fragrant_sumac,0.8974609375
fragrant_sumac,fragrant_sumac,0.98583984375
fragrant_sumac,fragrant_sumac,0.34912109375
fragrant_sumac,fragrant_sumac,0.49853515625
fragrant_sumac,fragrant_sumac,0.97705078125
fragrant_sumac,fragrant_sumac,0.8837890625
fragrant_sumac,fragrant_sumac,0.93017578125
fragrant_sumac,poison_ivy_eastern,0.37548828125
fragrant_sumac,poison_ivy_western,0.3330078125
fragrant_sumac,fragrant_sumac,0.92529296875
fragrant_sumac,fragrant_sumac,0.84765625
fragrant_sumac,fragrant_sumac,0.98486328125
fragrant_sumac,fragrant_sumac,0.87109375
fragrant_sumac,fragrant_sumac,0.94921875
fragrant_sumac,fragrant_sumac,0.86572265625
fragrant_sumac,fragrant_sumac,0.41845703125
fragrant_sumac,fragrant_sumac,0.73876953125
fragrant_sumac,fragrant_sumac,0.389404296875
fragrant_sumac,fragrant_sumac,0.92529296875
fragrant_sumac,fragrant_sumac,0.98779296875
fragrant_sumac,fragrant_sumac,0.9580078125
fragrant_sumac,fragrant_sumac,0.61962890625
fragrant_sumac,fragrant_sumac,0.5234375
fragrant_sumac,fragrant_sumac,0.59375
fragrant_sumac,fragrant_sumac,0.93505859375
fragrant_sumac,fragrant_sumac,0.921875
fragrant_sumac,fragrant_sumac,0.59033203125
fragrant_sumac,fragrant_sumac,0.7392578125
fragrant_sumac,fragrant_sumac,0.9912109375
fragrant_sumac,fragrant_sumac,0.323974609375
fragrant_sumac,fragrant_sumac,0.87255859375
fragrant_sumac,fragrant_sumac,0.76904296875
fragrant_sumac,fragrant_sumac,0.9501953125
fragrant_sumac,fragrant_sumac,0.78955078125
fragrant_sumac,fragrant_sumac,0.69677734375
fragrant_sumac,fragrant_sumac,0.70068359375
fragrant_sumac,fragrant_sumac,0.59912109375
fragrant_sumac,fragrant_sumac,0.96142578125
fragrant_sumac,fragrant_sumac,0.38623046875
fragrant_sumac,fragrant_sumac,0.8818359375
fragrant_sumac,fragrant_sumac,0.94921875
fragrant_sumac,fragrant_sumac,0.669921875
fragrant_sumac,fragrant_sumac,0.77734375
fragrant_sumac,fragrant_sumac,0.9501953125
fragrant_sumac,fragrant_sumac,0.91845703125
fragrant_sumac,fragrant_sumac,0.98779296875
fragrant_sumac,poison_oak_pacific,0.62646484375
fragrant_sumac,fragrant_sumac,0.97607421875
fragrant_sumac,fragrant_sumac,0.93505859375
fragrant_sumac,fragrant_sumac,0.716796875
fragrant_sumac,fragrant_sumac,0.98779296875
fragrant_sumac,fragrant_sumac,0.75146484375
fragrant_sumac,fragrant_sumac,0.68701171875
fragrant_sumac,fragrant_sumac,0.9931640625
fragrant_sumac,fragrant_sumac,0.71826171875
fragrant_sumac,fragrant_sumac,0.97802734375
fragrant_sumac,fragrant_sumac,0.37744140625
fragrant_sumac,fragrant_sumac,0.36376953125
fragrant_sumac,poison_oak_pacific,0.349853515625
fragrant_sumac,fragrant_sumac,0.939453125
fragrant_sumac,fragrant_sumac,0.80810546875
fragrant_sumac,fragrant_sumac,0.9150390625
fragrant_sumac,fragrant_sumac,0.83251953125
fragrant_sumac,fragrant_sumac,0.85791015625
fragrant_sumac,fragrant_sumac,0.3896484375
fragrant_sumac,fragrant_sumac,0.84130859375
fragrant_sumac,fragrant_sumac,0.96875
fragrant_sumac,fragrant_sumac,0.927734375
fragrant_sumac,fragrant_sumac,0.50732421875
fragrant_sumac,fragrant_sumac,0.6748046875
fragrant_sumac,brambles,0.423828125
fragrant_sumac,fragrant_sumac,0.966796875
fragrant_sumac,fragrant_sumac,0.8115234375
fragrant_sumac,fragrant_sumac,0.771484375
fragrant_sumac,box_elder,0.329833984375
fragrant_sumac,fragrant_sumac,0.423095703125
fragrant_sumac,fragrant_sumac,0.6611328125
fragrant_sumac,fragrant_sumac,0.94091796875
fragrant_sumac,fragrant_sumac,0.994140625
fragrant_sumac,fragrant_sumac,0.92919921875
fragrant_sumac,fragrant_sumac,0.78759765625
fragrant_sumac,fragrant_sumac,0.9736328125
fragrant_sumac,poison_oak_pacific,0.489013671875
fragrant_sumac,fragrant_sumac,0.970703125
fragrant_sumac,fragrant_sumac,0.94384765625
fragrant_sumac,fragrant_sumac,0.9697265625
fragrant_sumac,fragrant_sumac,0.927734375
fragrant_sumac,fragrant_sumac,0.990234375
fragrant_sumac,fragrant_sumac,0.8095703125
fragrant_sumac,fragrant_sumac,0.77001953125
fragrant_sumac,fragrant_sumac,0.7412109375
fragrant_sumac,fragrant_sumac,0.71337890625
fragrant_sumac,fragrant_sumac,0.892578125
fragrant_sumac,poison_ivy_western,0.30322265625
fragrant_sumac,fragrant_sumac,0.931640625
fragrant_sumac,fragrant_sumac,0.6865234375
fragrant_sumac,fragrant_sumac,0.5859375
fragrant_sumac,poison_ivy_western,0.388427734375
fragrant_sumac,fragrant_sumac,0.9736328125
fragrant_sumac,fragrant_sumac,0.8759765625
fragrant_sumac,fragrant_sumac,0.89892578125
fragrant_sumac,fragrant_sumac,0.95166015625
fragrant_sumac,fragrant_sumac,0.6787109375
fragrant_sumac,fragrant_sumac,0.80078125
fragrant_sumac,fragrant_sumac,0.9697265625
fragrant_sumac,fragrant_sumac,0.892578125
fragrant_sumac,fragrant_sumac,0.87548828125
fragrant_sumac,fragrant_sumac,0.89990234375
fragrant_sumac,fragrant_sumac,0.8173828125
fragrant_sumac,fragrant_sumac,0.98876953125
fragrant_sumac,fragrant_sumac,0.640625
fragrant_sumac,fragrant_sumac,0.94091796875
fragrant_sumac,fragrant_sumac,0.7919921875
hog_peanut,hog_peanut,0.92822265625
hog_peanut,hog_peanut,0.96875
hog_peanut,hog_peanut,0.89453125
hog_peanut,hog_peanut,0.98876953125
hog_peanut,hog_peanut,0.90966796875
hog_peanut,hog_peanut,0.796875
hog_peanut,hog_peanut,0.97900390625
hog_peanut,hog_peanut,0.7109375
hog_peanut,hog_peanut,0.98876953125
hog_peanut,hog_peanut,0.9912109375
hog_peanut,hog_peanut,0.96875
hog_peanut,hog_peanut,0.97802734375
hog_peanut,hog_peanut,0.98291015625
hog_peanut,hog_peanut,0.97265625
hog_peanut,hog_peanut,0.9921875
hog_peanut,hog_peanut,0.8203125
hog_peanut,hog_peanut,0.96240234375
hog_peanut,hog_peanut,0.9892578125
hog_peanut,hog_peanut,0.9404296875
hog_peanut,hog_peanut,0.9912109375
hog_peanut,hog_peanut,0.76708984375
hog_peanut,hog_peanut,0.9912109375
hog_peanut,hog_peanut,0.970703125
hog_peanut,hog_peanut,0.86767578125
hog_peanut,hog_peanut,0.95166015625
hog_peanut,hog_peanut,0.91845703125
hog_peanut,hog_peanut,0.93701171875
hog_peanut,hog_peanut,0.65771484375
hog_peanut,hog_peanut,0.990234375
hog_peanut,hog_peanut,0.97412109375
hog_peanut,hog_peanut,0.97509765625
hog_peanut,hog_peanut,0.96337890625
hog_peanut,hog_peanut,0.990234375
hog_peanut,hog_peanut,0.98388671875
hog_peanut,hog_peanut,0.98095703125
hog_peanut,hog_peanut,0.9375
hog_peanut,hog_peanut,0.77001953125
hog_peanut,hog_peanut,0.74267578125
hog_peanut,hog_peanut,0.97900390625
hog_peanut,hog_peanut,0.86328125
hog_peanut,hog_peanut,0.96435546875
hog_peanut,hog_peanut,0.481689453125
hog_peanut,hog_peanut,0.98583984375
hog_peanut,hog_peanut,0.98779296875
hog_peanut,hog_peanut,0.98876953125
hog_peanut,hog_peanut,0.9208984375
hog_peanut,hog_peanut,0.994140625
hog_peanut,hog_peanut,0.921875
hog_peanut,hog_peanut,0.97412109375
hog_peanut,hog_peanut,0.9208984375
hog_peanut,hog_peanut,0.98583984375
hog_peanut,hog_peanut,0.70263671875
hog_peanut,hog_peanut,0.98583984375
hog_peanut,hog_peanut,0.517578125
hog_peanut,hog_peanut,0.9931640625
hog_peanut,hog_peanut,0.79736328125
hog_peanut,hog_peanut,0.9736328125
hog_peanut,hog_peanut,0.90966796875
hog_peanut,hog_peanut,0.98291015625
hog_peanut,hog_peanut,0.95703125
hog_peanut,hog_peanut,0.84228515625
hog_peanut,hog_peanut,0.242919921875
hog_peanut,hog_peanut,0.9677734375
hog_peanut,hog_peanut,0.80126953125
hog_peanut,hog_peanut,0.9482421875
hog_peanut,hog_peanut,0.8203125
hog_peanut,hog_peanut,0.89208984375
hog_peanut,hog_peanut,0.68212890625
hog_peanut,hog_peanut,0.98876953125
hog_peanut,hog_peanut,0.97607421875
hog_peanut,hog_peanut,0.970703125
hog_peanut,hog_peanut,0.990234375
hog_peanut,hog_peanut,0.81591796875
hog_peanut,hog_peanut,0.97265625
hog_peanut,hog_peanut,0.580078125
hog_peanut,hog_peanut,0.9921875
hog_peanut,hog_peanut,0.9658203125
hog_peanut,hog_peanut,0.9599609375
hog_peanut,hog_peanut,0.8232421875
hog_peanut,hog_peanut,0.89990234375
hog_peanut,hog_peanut,0.97998046875
hog_peanut,hog_peanut,0.95068359375
hog_peanut,hog_peanut,0.9560546875
hog_peanut,hog_peanut,0.9921875
hog_peanut,hog_peanut,0.91162109375
hog_peanut,hog_peanut,0.970703125
hog_peanut,hog_peanut,0.98291015625
hog_peanut,hog_peanut,0.97509765625
hog_peanut,hog_peanut,0.9970703125
hog_peanut,hog_peanut,0.7890625
hog_peanut,hog_peanut,0.8076171875
hog_peanut,hog_peanut,0.88037109375
hog_peanut,hog_peanut,0.99609375
hog_peanut,hog_peanut,0.9921875
hog_peanut,hog_peanut,0.9931640625
hog_peanut,hog_peanut,0.98681640625
hog_peanut,hog_peanut,0.91650390625
hog_peanut,hog_peanut,0.92822265625
hog_peanut,hog_peanut,0.88720703125
hog_peanut,hog_peanut,0.6904296875
hog_peanut,hog_peanut,0.98583984375
hog_peanut,hog_peanut,0.97802734375
hog_peanut,hog_peanut,0.994140625
hog_peanut,hog_peanut,0.990234375
hog_peanut,hog_peanut,0.9931640625
hog_peanut,hog_peanut,0.71435546875
hog_peanut,hog_peanut,0.966796875
hog_peanut,hog_peanut,0.45703125
hog_peanut,hog_peanut,0.92822265625
hog_peanut,hog_peanut,0.9912109375
hog_peanut,hog_peanut,0.947265625
hog_peanut,hog_peanut,0.98779296875
hog_peanut,hog_peanut,0.5703125
hog_peanut,hog_peanut,0.98486328125
hog_peanut,hog_peanut,0.61962890625
hog_peanut,hog_peanut,0.98583984375
hog_peanut,hog_peanut,0.99609375
hog_peanut,hog_peanut,0.98876953125
hog_peanut,hog_peanut,0.98681640625
hog_peanut,hog_peanut,0.93115234375
hog_peanut,hog_peanut,0.93115234375
hog_peanut,hog_peanut,0.5576171875
hog_peanut,hog_peanut,0.60546875
hog_peanut,hog_peanut,0.89453125
hog_peanut,hog_peanut,0.615234375
hog_peanut,hog_peanut,0.9580078125
hog_peanut,hog_peanut,0.90869140625
hog_peanut,hog_peanut,0.994140625
hog_peanut,hog_peanut,0.96240234375
hog_peanut,hog_peanut,0.9912109375
hog_peanut,hog_peanut,0.56591796875
hog_peanut,hog_peanut,0.9921875
hog_peanut,hog_peanut,0.97802734375
hog_peanut,hog_peanut,0.97607421875
hog_peanut,hog_peanut,0.95703125
hog_peanut,hog_peanut,0.892578125
hog_peanut,hog_peanut,0.98193359375
hog_peanut,hog_peanut,0.9970703125
hog_peanut,hog_peanut,0.9931640625
hog_peanut,hog_peanut,0.98779296875
hog_peanut,hog_peanut,0.9970703125
hog_peanut,hog_peanut,0.76953125
hog_peanut,hog_peanut,0.9892578125
jack_in_the_pulpit,jack_in_the_pulpit,0.51416015625
jack_in_the_pulpit,jack_in_the_pulpit,0.947265625
jack_in_the_pulpit,jack_in_the_pulpit,0.70361328125
jack_in_the_pulpit,poison_oak_atlantic,0.5263671875
jack_in_the_pulpit,jack_in_the_pulpit,0.98291015625
jack_in_the_pulpit,jack_in_the_pulpit,0.9404296875
jack_in_the_pulpit,jack_in_the_pulpit,0.98193359375
jack_in_the_pulpit,jack_in_the_pulpit,0.9951171875
jack_in_the_pulpit,jack_in_the_pulpit,0.9951171875
jack_in_the_pulpit,jack_in_the_pulpit,0.97509765625
jack_in_the_pulpit,jack_in_the_pulpit,0.45361328125
jack_in_the_pulpit,jack_in_the_pulpit,0.990234375
jack_in_the_pulpit,jack_in_the_pulpit,0.966796875
jack_in_the_pulpit,jack_in_the_pulpit,0.96240234375
jack_in_the_pulpit,jack_in_the_pulpit,0.98876953125
jack_in_the_pulpit,jack_in_the_pulpit,0.97705078125
jack_in_the_pulpit,jack_in_the_pulpit,0.8662109375
jack_in_the_pulpit,jack_in_the_pulpit,0.97509765625
jack_in_the_pulpit,jack_in_the_pulpit,0.6103515625
jack_in_the_pulpit,jack_in_the_pulpit,0.50439453125
jack_in_the_pulpit,jack_in_the_pulpit,0.98388671875
jack_in_the_pulpit,jack_in_the_pulpit,0.9912109375
jack_in_the_pulpit,jack_in_the_pulpit,0.52490234375
jack_in_the_pulpit,jack_in_the_pulpit,0.98388671875
jack_in_the_pulpit,jack_in_the_pulpit,0.990234375
jack_in_the_pulpit,jack_in_the_pulpit,0.9912109375
jack_in_the_pulpit,jack_in_the_pulpit,0.970703125
jack_in_the_pulpit,jack_in_the_pulpit,0.9580078125
jack_in_the_pulpit,jack_in_the_pulpit,0.98779296875
jack_in_the_pulpit,jack_in_the_pulpit,0.994140625
jack_in_the_pulpit,jack_in_the_pulpit,0.9970703125
jack_in_the_pulpit,jack_in_the_pulpit,0.9892578125
jack_in_the_pulpit,jack_in_the_pulpit,0.98876953125
jack_in_the_pulpit,jack_in_the_pulpit,0.990234375
jack_in_the_pulpit,jack_in_the_pulpit,0.990234375
jack_in_the_pulpit,jack_in_the_pulpit,0.994140625
jack_in_the_pulpit,jack_in_the_pulpit,0.9931640625
jack_in_the_pulpit,jack_in_the_pulpit,0.9921875
jack_in_the_pulpit,jack_in_the_pulpit,0.98681640625
jack_in_the_pulpit,jack_in_the_pulpit,0.9912109375
jack_in_the_pulpit,jack_in_the_pulpit,0.95068359375
jack_in_the_pulpit,jack_in_the_pulpit,0.90087890625
jack_in_the_pulpit,jack_in_the_pulpit,0.9462890625
jack_in_the_pulpit,jack_in_the_pulpit,0.90869140625
jack_in_the_pulpit,jack_in_the_pulpit,0.98876953125
jack_in_the_pulpit,jack_in_the_pulpit,0.7734375
jack_in_the_pulpit,jack_in_the_pulpit,0.98583984375
jack_in_the_pulpit,jack_in_the_pulpit,0.9931640625
jack_in_the_pulpit,jack_in_the_pulpit,0.77734375
jack_in_the_pulpit,jack_in_the_pulpit,0.658203125
jack_in_the_pulpit,jack_in_the_pulpit,0.9697265625
jack_in_the_pulpit,jack_in_the_pulpit,0.97705078125
jack_in_the_pulpit,jack_in_the_pulpit,0.9892578125
jack_in_the_pulpit,jack_in_the_pulpit,0.8583984375
jack_in_the_pulpit,jack_in_the_pulpit,0.9951171875
jack_in_the_pulpit,jack_in_the_pulpit,0.95703125
jack_in_the_pulpit,jack_in_the_pulpit,0.8388671875
jack_in_the_pulpit,jack_in_the_pulpit,0.91943359375
jack_in_the_pulpit,jack_in_the_pulpit,0.94287109375
jack_in_the_pulpit,jack_in_the_pulpit,0.9951171875
jack_in_the_pulpit,jack_in_the_pulpit,0.994140625
jack_in_the_pulpit,jack_in_the_pulpit,0.9970703125
jack_in_the_pulpit,jack_in_the_pulpit,0.99609375
jack_in_the_pulpit,jack_in_the_pulpit,0.91015625
jack_in_the_pulpit,jack_in_the_pulpit,0.97705078125
jack_in_the_pulpit,jack_in_the_pulpit,0.9208984375
jack_in_the_pulpit,jack_in_the_pulpit,0.91162109375
jack_in_the_pulpit,jack_in_the_pulpit,0.97705078125
jack_in_the_pulpit,jack_in_the_pulpit,0.9892578125
jack_in_the_pulpit,jack_in_the_pulpit,0.98388671875
jack_in_the_pulpit,jack_in_the_pulpit,0.9892578125
jack_in_the_pulpit,jack_in_the_pulpit,0.98486328125
jack_in_the_pulpit,jack_in_the_pulpit,0.86279296875
jack_in_the_pulpit,jack_in_the_pulpit,0.994140625
jack_in_the_pulpit,jack_in_the_pulpit,0.96875
jack_in_the_pulpit,jack_in_the_pulpit,0.9267578125
jack_in_the_pulpit,jack_in_the_pulpit,0.8291015625
jack_in_the_pulpit,jack_in_the_pulpit,0.97998046875
jack_in_the_pulpit,jack_in_the_pulpit,0.9970703125
jack_in_the_pulpit,jack_in_the_pulpit,0.92822265625
jack_in_the_pulpit,fragrant_sumac,0.2003173828125
jack_in_the_pulpit,jack_in_the_pulpit,0.91650390625
jack_in_the_pulpit,jack_in_the_pulpit,0.9462890625
jack_in_the_pulpit,jack_in_the_pulpit,0.91650390625
jack_in_the_pulpit,jack_in_the_pulpit,0.9951171875
jack_in_the_pulpit,poison_ivy_western,0.548828125
jack_in_the_pulpit,jack_in_the_pulpit,0.54150390625
jack_in_the_pulpit,jack_in_the_pulpit,0.990234375
jack_in_the_pulpit,jack_in_the_pulpit,0.98486328125
jack_in_the_pulpit,jack_in_the_pulpit,0.9951171875
jack_in_the_pulpit,jack_in_the_pulpit,0.9892578125
jack_in_the_pulpit,jack_in_the_pulpit,0.98876953125
jack_in_the_pulpit,jack_in_the_pulpit,0.95556640625
jack_in_the_pulpit,jack_in_the_pulpit,0.9912109375
jack_in_the_pulpit,jack_in_the_pulpit,0.7607421875
jack_in_the_pulpit,jack_in_the_pulpit,0.9912109375
jack_in_the_pulpit,jack_in_the_pulpit,0.990234375
jack_in_the_pulpit,jack_in_the_pulpit,0.97607421875
jack_in_the_pulpit,jack_in_the_pulpit,0.4169921875
jack_in_the_pulpit,jack_in_the_pulpit,0.96435546875
jack_in_the_pulpit,jack_in_the_pulpit,0.970703125
jack_in_the_pulpit,jack_in_the_pulpit,0.98876953125
jack_in_the_pulpit,poison_ivy_western,0.3583984375
jack_in_the_pulpit,jack_in_the_pulpit,0.98388671875
jack_in_the_pulpit,jack_in_the_pulpit,0.9921875
jack_in_the_pulpit,poison_ivy_eastern,0.400390625
jack_in_the_pulpit,jack_in_the_pulpit,0.1920166015625
jack_in_the_pulpit,jack_in_the_pulpit,0.60400390625
jack_in_the_pulpit,jack_in_the_pulpit,0.95458984375
jack_in_the_pulpit,jack_in_the_pulpit,0.95361328125
jack_in_the_pulpit,jack_in_the_pulpit,0.9892578125
jack_in_the_pulpit,jack_in_the_pulpit,0.9931640625
jack_in_the_pulpit,jack_in_the_pulpit,0.970703125
jack_in_the_pulpit,jack_in_the_pulpit,0.9892578125
jack_in_the_pulpit,jack_in_the_pulpit,0.97509765625
jack_in_the_pulpit,jack_in_the_pulpit,0.57470703125
jack_in_the_pulpit,jack_in_the_pulpit,0.97265625
jack_in_the_pulpit,jack_in_the_pulpit,0.994140625
jack_in_the_pulpit,jack_in_the_pulpit,0.92822265625
jack_in_the_pulpit,jack_in_the_pulpit,0.9970703125
jack_in_the_pulpit,jack_in_the_pulpit,0.87109375
jack_in_the_pulpit,jack_in_the_pulpit,0.98779296875
jack_in_the_pulpit,jack_in_the_pulpit,0.9951171875
jack_in_the_pulpit,jack_in_the_pulpit,0.98876953125
jack_in_the_pulpit,jack_in_the_pulpit,0.994140625
jack_in_the_pulpit,jack_in_the_pulpit,0.9111328125
jack_in_the_pulpit,jack_in_the_pulpit,0.9716796875
jack_in_the_pulpit,jack_in_the_pulpit,0.9951171875
jack_in_the_pulpit,jack_in_the_pulpit,0.98681640625
jack_in_the_pulpit,jack_in_the_pulpit,0.994140625
jack_in_the_pulpit,jack_in_the_pulpit,0.9912109375
jack_in_the_pulpit,jack_in_the_pulpit,0.8583984375
jack_in_the_pulpit,jack_in_the_pulpit,0.9716796875
jack_in_the_pulpit,jack_in_the_pulpit,0.81103515625
jack_in_the_pulpit,jack_in_the_pulpit,0.98388671875
jack_in_the_pulpit,jack_in_the_pulpit,0.472900390625
jack_in_the_pulpit,jack_in_the_pulpit,0.98095703125
jack_in_the_pulpit,jack_in_the_pulpit,0.8935546875
jack_in_the_pulpit,jack_in_the_pulpit,0.8037109375
jack_in_the_pulpit,jack_in_the_pulpit,0.90478515625
jack_in_the_pulpit,jack_in_the_pulpit,0.97998046875
jack_in_the_pulpit,jack_in_the_pulpit,0.5478515625
jack_in_the_pulpit,jack_in_the_pulpit,0.9501953125
poison_ivy_eastern,poison_oak_pacific,0.51806640625
poison_ivy_eastern,poison_ivy_eastern,0.80126953125
poison_ivy_eastern,poison_ivy_eastern,0.453125
poison_ivy_eastern,poison_ivy_eastern,0.4609375
poison_ivy_eastern,poison_ivy_western,0.7294921875
poison_ivy_eastern,poison_ivy_eastern,0.78173828125
poison_ivy_eastern,poison_ivy_eastern,0.615234375
poison_ivy_eastern,poison_ivy_eastern,0.50732421875
poison_ivy_eastern,fragrant_sumac,0.37451171875
poison_ivy_eastern,poison_ivy_eastern,0.37939453125
poison_ivy_eastern,jack_in_the_pulpit,0.419677734375
poison_ivy_eastern,poison_ivy_eastern,0.46630859375
poison_ivy_eastern,poison_ivy_eastern,0.304931640625
poison_ivy_eastern,poison_ivy_eastern,0.403076171875
poison_ivy_eastern,poison_ivy_western,0.599609375
poison_ivy_eastern,poison_ivy_western,0.58203125
poison_ivy_eastern,fragrant_sumac,0.428466796875
poison_ivy_eastern,poison_oak_pacific,0.578125
poison_ivy_eastern,poison_ivy_eastern,0.6083984375
poison_ivy_eastern,poison_ivy_eastern,0.76416015625
poison_ivy_eastern,poison_ivy_western,0.666015625
poison_ivy_eastern,poison_ivy_eastern,0.5947265625
poison_ivy_eastern,poison_ivy_eastern,0.3837890625
poison_ivy_eastern,poison_ivy_eastern,0.533203125
poison_ivy_eastern,poison_ivy_western,0.7841796875
poison_ivy_eastern,brambles,0.259765625
poison_ivy_eastern,poison_ivy_western,0.537109375
poison_ivy_eastern,poison_ivy_eastern,0.51953125
poison_ivy_eastern,poison_ivy_western,0.80322265625
poison_ivy_eastern,poison_ivy_western,0.88134765625
poison_ivy_eastern,brambles,0.204345703125
poison_ivy_eastern,poison_ivy_eastern,0.67919921875
poison_ivy_eastern,poison_ivy_western,0.52197265625
poison_ivy_eastern,poison_ivy_western,0.7548828125
poison_ivy_eastern,poison_ivy_eastern,0.5009765625
poison_ivy_eastern,poison_ivy_western,0.45751953125
poison_ivy_eastern,poison_ivy_western,0.71630859375
poison_ivy_eastern,fragrant_sumac,0.455810546875
poison_ivy_eastern,poison_ivy_western,0.5341796875
poison_ivy_eastern,poison_ivy_eastern,0.449462890625
poison_ivy_eastern,poison_ivy_western,0.798828125
poison_ivy_eastern,poison_oak_atlantic,0.30126953125
poison_ivy_eastern,poison_ivy_eastern,0.462646484375
poison_ivy_eastern,box_elder,0.345947265625
poison_ivy_eastern,poison_oak_pacific,0.29296875
poison_ivy_eastern,poison_ivy_eastern,0.9462890625
poison_ivy_eastern,virginia_creeper,0.52294921875
poison_ivy_eastern,poison_ivy_eastern,0.348388671875
poison_ivy_eastern,poison_ivy_western,0.367919921875
poison_ivy_eastern,poison_ivy_eastern,0.69140625
poison_ivy_eastern,poison_ivy_western,0.693359375
poison_ivy_eastern,poison_ivy_western,0.34033203125
poison_ivy_eastern,poison_ivy_eastern,0.61376953125
poison_ivy_eastern,poison_ivy_eastern,0.66015625
poison_ivy_eastern,poison_ivy_western,0.65771484375
poison_ivy_eastern,box_elder,0.70947265625
poison_ivy_eastern,poison_ivy_western,0.5107421875
poison_ivy_eastern,box_elder,0.2744140625
poison_ivy_eastern,poison_ivy_eastern,0.86279296875
poison_ivy_eastern,poison_ivy_eastern,0.708984375
poison_ivy_eastern,virginia_creeper,0.280517578125
poison_ivy_eastern,poison_ivy_eastern,0.52392578125
poison_ivy_eastern,poison_ivy_eastern,0.2900390625
poison_ivy_eastern,poison_oak_atlantic,0.41259765625
poison_ivy_eastern,poison_ivy_eastern,0.47314453125
poison_ivy_eastern,poison_ivy_western,0.49609375
poison_ivy_eastern,poison_ivy_eastern,0.59814453125
poison_ivy_eastern,virginia_creeper,0.258544921875
poison_ivy_eastern,box_elder,0.35693359375
poison_ivy_eastern,poison_ivy_eastern,0.6259765625
poison_ivy_eastern,poison_ivy_western,0.8857421875
poison_ivy_eastern,poison_ivy_western,0.74072265625
poison_ivy_eastern,poison_ivy_eastern,0.308837890625
poison_ivy_eastern,poison_ivy_western,0.794921875
poison_ivy_eastern,poison_ivy_eastern,0.494384765625
poison_ivy_eastern,poison_ivy_eastern,0.26806640625
poison_ivy_eastern,poison_ivy_western,0.7958984375
poison_ivy_eastern,poison_ivy_western,0.77587890625
poison_ivy_eastern,poison_ivy_western,0.8173828125
poison_ivy_eastern,poison_ivy_eastern,0.8642578125
poison_ivy_eastern,poison_ivy_western,0.56884765625
poison_ivy_eastern,virginia_creeper,0.355712890625
poison_ivy_eastern,poison_ivy_western,0.413330078125
poison_ivy_eastern,poison_ivy_western,0.625
poison_ivy_eastern,poison_ivy_eastern,0.8828125
poison_ivy_eastern,poison_ivy_western,0.5263671875
poison_ivy_eastern,poison_ivy_eastern,0.260986328125
poison_ivy_eastern,poison_oak_pacific,0.3359375
poison_ivy_eastern,fragrant_sumac,0.62939453125
poison_ivy_eastern,poison_ivy_western,0.86767578125
poison_ivy_eastern,poison_ivy_western,0.515625
poison_ivy_eastern,poison_ivy_eastern,0.8115234375
poison_ivy_eastern,poison_sumac,0.317138671875
poison_ivy_eastern,staghorn_sumac,0.22998046875
poison_ivy_eastern,poison_ivy_eastern,0.63671875
poison_ivy_eastern,poison_ivy_eastern,0.5419921875
poison_ivy_eastern,fragrant_sumac,0.369140625
poison_ivy_eastern,poison_ivy_western,0.53662109375
poison_ivy_eastern,poison_oak_atlantic,0.4130859375
poison_ivy_eastern,poison_ivy_western,0.8984375
poison_ivy_eastern,poison_ivy_eastern,0.278076171875
poison_ivy_eastern,poison_ivy_eastern,0.52294921875
poison_ivy_eastern,poison_ivy_western,0.69287109375
poison_ivy_eastern,poison_ivy_western,0.64208984375
poison_ivy_eastern,poison_ivy_western,0.4697265625
poison_ivy_eastern,poison_ivy_western,0.88671875
poison_ivy_eastern,poison_ivy_western,0.83740234375
poison_ivy_eastern,poison_ivy_western,0.72412109375
poison_ivy_eastern,poison_ivy_eastern,0.498046875
poison_ivy_eastern,poison_ivy_western,0.91015625
poison_ivy_eastern,poison_ivy_western,0.282958984375
poison_ivy_eastern,poison_ivy_western,0.79345703125
poison_ivy_eastern,poison_oak_pacific,0.493408203125
poison_ivy_eastern,poison_ivy_eastern,0.5322265625
poison_ivy_eastern,poison_ivy_western,0.705078125
poison_ivy_eastern,hog_peanut,0.5166015625
poison_ivy_eastern,poison_ivy_western,0.8095703125
poison_ivy_eastern,poison_ivy_western,0.83544921875
poison_ivy_eastern,poison_ivy_eastern,0.49560546875
poison_ivy_eastern,poison_ivy_eastern,0.425537109375
poison_ivy_eastern,hog_peanut,0.310791015625
poison_ivy_eastern,box_elder,0.373779296875
poison_ivy_eastern,poison_oak_pacific,0.44921875
poison_ivy_eastern,poison_ivy_western,0.36083984375
poison_ivy_eastern,poison_oak_pacific,0.44677734375
poison_ivy_eastern,poison_ivy_eastern,0.52685546875
poison_ivy_eastern,poison_ivy_eastern,0.50439453125
poison_ivy_eastern,poison_ivy_western,0.4189453125
poison_ivy_eastern,brambles,0.339599609375
poison_ivy_eastern,poison_ivy_western,0.420654296875
poison_ivy_eastern,poison_ivy_western,0.38525390625
poison_ivy_eastern,poison_ivy_eastern,0.5537109375
poison_ivy_eastern,poison_ivy_western,0.8369140625
poison_ivy_eastern,poison_ivy_western,0.58447265625
poison_ivy_eastern,poison_ivy_eastern,0.8818359375
poison_ivy_eastern,poison_ivy_eastern,0.6171875
poison_ivy_eastern,poison_ivy_western,0.78466796875
poison_ivy_eastern,poison_ivy_eastern,0.394287109375
poison_ivy_eastern,poison_ivy_western,0.5390625
poison_ivy_eastern,poison_oak_atlantic,0.6611328125
poison_ivy_eastern,poison_ivy_eastern,0.56103515625
poison_ivy_eastern,poison_ivy_western,0.708984375
poison_ivy_eastern,poison_ivy_western,0.50146484375
poison_ivy_western,poison_ivy_western,0.68310546875
poison_ivy_western,poison_ivy_western,0.467529296875
poison_ivy_western,poison_ivy_western,0.576171875
poison_ivy_western,poison_oak_pacific,0.348388671875
poison_ivy_western,poison_ivy_eastern,0.50732421875
poison_ivy_western,poison_ivy_eastern,0.32958984375
poison_ivy_western,poison_ivy_western,0.74658203125
poison_ivy_western,poison_ivy_western,0.705078125
poison_ivy_western,poison_ivy_western,0.66259765625
poison_ivy_western,poison_ivy_western,0.388671875
poison_ivy_western,poison_ivy_western,0.449951171875
poison_ivy_western,poison_ivy_eastern,0.373046875
poison_ivy_western,poison_ivy_western,0.65966796875
poison_ivy_western,poison_ivy_western,0.5439453125
poison_ivy_western,poison_ivy_western,0.599609375
poison_ivy_western,poison_ivy_western,0.45166015625
poison_ivy_western,poison_ivy_western,0.482421875
poison_ivy_western,poison_ivy_eastern,0.231689453125
poison_ivy_western,poison_oak_pacific,0.5341796875
poison_ivy_western,poison_ivy_western,0.462158203125
poison_ivy_western,poison_ivy_western,0.59375
poison_ivy_western,poison_ivy_eastern,0.59033203125
poison_ivy_western,poison_ivy_western,0.849609375
poison_ivy_western,poison_ivy_western,0.521484375
poison_ivy_western,poison_sumac,0.33349609375
poison_ivy_western,poison_ivy_eastern,0.3955078125
poison_ivy_western,poison_ivy_eastern,0.56298828125
poison_ivy_western,brambles,0.2861328125
poison_ivy_western,poison_ivy_western,0.60107421875
poison_ivy_western,poison_ivy_eastern,0.5615234375
poison_ivy_western,poison_ivy_western,0.849609375
poison_ivy_western,poison_ivy_western,0.60400390625
poison_ivy_western,poison_ivy_western,0.59228515625
poison_ivy_western,poison_ivy_western,0.548828125
poison_ivy_western,poison_ivy_western,0.415283203125
poison_ivy_western,poison_ivy_western,0.83251953125
poison_ivy_western,poison_ivy_western,0.351806640625
poison_ivy_western,poison_ivy_western,0.6533203125
poison_ivy_western,poison_ivy_western,0.431396484375
poison_ivy_western,poison_ivy_eastern,0.716796875
poison_ivy_western,poison_ivy_western,0.77978515625
poison_ivy_western,poison_ivy_western,0.56689453125
poison_ivy_western,poison_ivy_eastern,0.455078125
poison_ivy_western,poison_ivy_western,0.552734375
poison_ivy_western,poison_ivy_western,0.63671875
poison_ivy_western,poison_ivy_western,0.56982421875
poison_ivy_western,poison_ivy_eastern,0.32861328125
poison_ivy_western,poison_ivy_eastern,0.67041015625
poison_ivy_western,poison_ivy_western,0.83984375
poison_ivy_western,poison_oak_atlantic,0.56591796875
poison_ivy_western,poison_ivy_western,0.73583984375
poison_ivy_western,poison_ivy_western,0.5859375
poison_ivy_western,poison_ivy_eastern,0.5712890625
poison_ivy_western,poison_ivy_western,0.78369140625
poison_ivy_western,poison_oak_pacific,0.38916015625
poison_ivy_western,poison_ivy_western,0.2783203125
poison_ivy_western,poison_ivy_eastern,0.37353515625
poison_ivy_western,poison_ivy_western,0.69873046875
poison_ivy_western,poison_ivy_eastern,0.60693359375
poison_ivy_western,poison_ivy_western,0.59375
poison_ivy_western,poison_ivy_western,0.78955078125
poison_ivy_western,poison_ivy_western,0.7470703125
poison_ivy_western,poison_ivy_western,0.509765625
poison_ivy_western,poison_ivy_western,0.8798828125
poison_ivy_western,poison_ivy_western,0.74365234375
poison_ivy_western,poison_ivy_eastern,0.5302734375
poison_ivy_western,poison_ivy_western,0.53271484375
poison_ivy_western,poison_ivy_western,0.71630859375
poison_ivy_western,poison_ivy_western,0.767578125
poison_ivy_western,poison_ivy_western,0.8291015625
poison_ivy_western,poison_ivy_western,0.493408203125
poison_ivy_western,poison_ivy_western,0.826171875
poison_ivy_western,poison_ivy_western,0.71337890625
poison_ivy_western,poison_ivy_western,0.82470703125
poison_ivy_western,poison_ivy_western,0.416259765625
poison_ivy_western,poison_ivy_western,0.82470703125
poison_ivy_western,poison_ivy_western,0.284423828125
poison_ivy_western,poison_ivy_western,0.76220703125
poison_ivy_western,poison_ivy_western,0.7587890625
poison_ivy_western,poison_ivy_western,0.64013671875
poison_ivy_western,poison_ivy_western,0.6064453125
poison_ivy_western,poison_ivy_western,0.7412109375
poison_ivy_western,poison_ivy_western,0.52587890625
poison_ivy_western,poison_ivy_western,0.51611328125
poison_ivy_western,poison_ivy_western,0.69091796875
poison_ivy_western,poison_ivy_western,0.82177734375
poison_ivy_western,poison_ivy_western,0.54052734375
poison_ivy_western,poison_ivy_western,0.86767578125
poison_ivy_western,poison_ivy_western,0.73876953125
poison_ivy_western,poison_sumac,0.291015625
poison_ivy_western,poison_ivy_western,0.53076171875
poison_ivy_western,poison_ivy_western,0.33544921875
poison_ivy_western,poison_ivy_western,0.43798828125
poison_ivy_western,poison_ivy_eastern,0.611328125
poison_ivy_western,poison_oak_atlantic,0.363525390625
poison_ivy_western,poison_ivy_eastern,0.7275390625
poison_ivy_western,poison_ivy_western,0.248046875
poison_ivy_western,poison_ivy_western,0.65234375
poison_ivy_western,poison_ivy_western,0.60205078125
poison_ivy_western,box_elder,0.29150390625
poison_ivy_western,poison_ivy_western,0.8203125
poison_ivy_western,poison_ivy_western,0.55419921875
poison_ivy_western,poison_ivy_western,0.84814453125
poison_ivy_western,poison_ivy_western,0.65576171875
poison_ivy_western,poison_ivy_western,0.443359375
poison_ivy_western,poison_ivy_western,0.8076171875
poison_ivy_western,poison_ivy_western,0.5380859375
poison_ivy_western,poison_ivy_western,0.56201171875
poison_ivy_western,poison_ivy_western,0.42822265625
poison_ivy_western,poison_ivy_western,0.86279296875
poison_ivy_western,poison_ivy_western,0.77734375
poison_ivy_western,poison_ivy_western,0.62060546875
poison_ivy_western,poison_ivy_eastern,0.5029296875
poison_ivy_western,poison_ivy_western,0.5810546875
poison_ivy_western,poison_ivy_eastern,0.509765625
poison_ivy_western,poison_ivy_western,0.8037109375
poison_ivy_western,poison_ivy_western,0.75732421875
poison_ivy_western,poison_ivy_western,0.65576171875
poison_ivy_western,poison_ivy_western,0.6142578125
poison_ivy_western,poison_ivy_western,0.51708984375
poison_ivy_western,poison_ivy_western,0.72607421875
poison_ivy_western,staghorn_sumac,0.492431640625
poison_ivy_western,poison_ivy_western,0.62646484375
poison_ivy_western,poison_ivy_western,0.56884765625
poison_ivy_western,poison_ivy_western,0.64404296875
poison_ivy_western,poison_ivy_western,0.6689453125
poison_ivy_western,poison_ivy_western,0.3837890625
poison_ivy_western,poison_ivy_eastern,0.51220703125
poison_ivy_western,poison_ivy_eastern,0.446044921875
poison_ivy_western,poison_ivy_eastern,0.59423828125
poison_ivy_western,poison_ivy_western,0.94580078125
poison_ivy_western,poison_ivy_eastern,0.343017578125
poison_ivy_western,poison_ivy_eastern,0.57470703125
poison_ivy_western,poison_ivy_eastern,0.391845703125
poison_ivy_western,poison_ivy_western,0.88720703125
poison_ivy_western,poison_ivy_eastern,0.5146484375
poison_ivy_western,poison_ivy_western,0.625
poison_ivy_western,poison_ivy_eastern,0.34765625
poison_ivy_western,poison_ivy_western,0.8388671875
poison_ivy_western,poison_ivy_eastern,0.5498046875
poison_ivy_western,poison_ivy_western,0.59765625
poison_ivy_western,poison_ivy_western,0.708984375
poison_ivy_western,poison_ivy_eastern,0.74072265625
poison_oak_atlantic,poison_oak_pacific,0.427490234375
poison_oak_atlantic,poison_oak_atlantic,0.677734375
poison_oak_atlantic,poison_oak_atlantic,0.4638671875
poison_oak_atlantic,poison_oak_atlantic,0.448486328125
poison_oak_atlantic,poison_oak_atlantic,0.703125
poison_oak_atlantic,poison_oak_atlantic,0.9599609375
poison_oak_atlantic,poison_oak_atlantic,0.56201171875
poison_oak_atlantic,poison_oak_atlantic,0.87451171875
poison_oak_atlantic,poison_ivy_eastern,0.268798828125
poison_oak_atlantic,poison_oak_pacific,0.4267578125
poison_oak_atlantic,poison_oak_atlantic,0.837890625
poison_oak_atlantic,poison_oak_atlantic,0.78955078125
poison_oak_atlantic,poison_oak_atlantic,0.93017578125
poison_oak_atlantic,poison_oak_atlantic,0.50146484375
poison_oak_atlantic,poison_sumac,0.481689453125
poison_oak_atlantic,poison_oak_atlantic,0.71875
poison_oak_atlantic,poison_ivy_eastern,0.5048828125
poison_oak_atlantic,poison_oak_pacific,0.52392578125
poison_oak_atlantic,poison_oak_atlantic,0.83056640625
poison_oak_atlantic,poison_oak_atlantic,0.98095703125
poison_oak_atlantic,poison_oak_atlantic,0.97607421875
poison_oak_atlantic,poison_oak_atlantic,0.77685546875
poison_oak_atlantic,poison_oak_atlantic,0.98193359375
poison_oak_atlantic,poison_oak_atlantic,0.8271484375
poison_oak_atlantic,poison_oak_atlantic,0.9580078125
poison_oak_atlantic,poison_oak_atlantic,0.60546875
poison_oak_atlantic,poison_oak_atlantic,0.8701171875
poison_oak_atlantic,poison_oak_atlantic,0.876953125
poison_oak_atlantic,poison_oak_atlantic,0.317626953125
poison_oak_atlantic,poison_oak_atlantic,0.98583984375
poison_oak_atlantic,poison_oak_atlantic,0.85791015625
poison_oak_atlantic,poison_ivy_western,0.42626953125
poison_oak_atlantic,poison_oak_atlantic,0.89599609375
poison_oak_atlantic,poison_oak_atlantic,0.33447265625
poison_oak_atlantic,poison_oak_atlantic,0.9697265625
poison_oak_atlantic,poison_oak_atlantic,0.85107421875
poison_oak_atlantic,poison_oak_atlantic,0.919921875
poison_oak_atlantic,poison_oak_atlantic,0.95166015625
poison_oak_atlantic,poison_oak_pacific,0.46337890625
poison_oak_atlantic,poison_sumac,0.59765625
poison_oak_atlantic,poison_oak_atlantic,0.55615234375
poison_oak_atlantic,poison_oak_atlantic,0.98681640625
poison_oak_atlantic,poison_oak_atlantic,0.990234375
poison_oak_atlantic,poison_oak_atlantic,0.85400390625
poison_oak_atlantic,poison_oak_atlantic,0.97802734375
poison_oak_atlantic,poison_oak_atlantic,0.98486328125
poison_oak_atlantic,poison_oak_atlantic,0.9951171875
poison_oak_atlantic,poison_oak_atlantic,0.916015625
poison_oak_atlantic,poison_oak_atlantic,0.99609375
poison_oak_atlantic,poison_oak_atlantic,0.9658203125
poison_oak_atlantic,poison_ivy_western,0.300048828125
poison_oak_atlantic,poison_ivy_eastern,0.45703125
poison_oak_atlantic,poison_oak_atlantic,0.7939453125
poison_oak_atlantic,poison_oak_atlantic,0.91748046875
poison_oak_atlantic,poison_oak_atlantic,0.591796875
poison_oak_atlantic,poison_oak_atlantic,0.9560546875
poison_oak_atlantic,poison_oak_atlantic,0.86767578125
poison_oak_atlantic,poison_oak_atlantic,0.828125
poison_oak_atlantic,poison_oak_atlantic,0.8408203125
poison_oak_atlantic,poison_oak_atlantic,0.83056640625
poison_oak_atlantic,poison_oak_atlantic,0.9716796875
poison_oak_atlantic,poison_oak_atlantic,0.958984375
poison_oak_atlantic,poison_oak_atlantic,0.98583984375
poison_oak_atlantic,poison_ivy_eastern,0.421630859375
poison_oak_atlantic,poison_oak_atlantic,0.97998046875
poison_oak_atlantic,poison_oak_atlantic,0.958984375
poison_oak_atlantic,poison_oak_atlantic,0.921875
poison_oak_atlantic,poison_oak_atlantic,0.97802734375
poison_oak_atlantic,poison_oak_atlantic,0.97607421875
poison_oak_atlantic,poison_oak_atlantic,0.8115234375
poison_oak_atlantic,poison_oak_atlantic,0.98876953125
poison_oak_atlantic,poison_oak_atlantic,0.9208984375
poison_oak_atlantic,poison_oak_atlantic,0.8642578125
poison_oak_atlantic,poison_oak_atlantic,0.454345703125
poison_oak_atlantic,poison_oak_atlantic,0.9140625
poison_oak_atlantic,poison_oak_atlantic,0.88037109375
poison_oak_atlantic,poison_oak_atlantic,0.751953125
poison_oak_atlantic,poison_oak_atlantic,0.99609375
poison_oak_atlantic,poison_oak_atlantic,0.9267578125
poison_oak_atlantic,poison_oak_atlantic,0.724609375
poison_oak_atlantic,poison_oak_atlantic,0.439453125
poison_oak_atlantic,poison_oak_atlantic,0.9951171875
poison_oak_atlantic,poison_oak_atlantic,0.9658203125
poison_oak_atlantic,poison_oak_atlantic,0.548828125
poison_oak_atlantic,poison_oak_atlantic,0.9580078125
poison_oak_atlantic,poison_oak_atlantic,0.9033203125
poison_oak_atlantic,poison_oak_atlantic,0.7421875
poison_oak_atlantic,poison_ivy_eastern,0.464599609375
poison_oak_atlantic,poison_oak_atlantic,0.9150390625
poison_oak_atlantic,poison_oak_atlantic,0.9501953125
poison_oak_atlantic,poison_oak_atlantic,0.98876953125
poison_oak_atlantic,poison_oak_atlantic,0.97607421875
poison_oak_atlantic,poison_oak_atlantic,0.9921875
poison_oak_atlantic,poison_oak_atlantic,0.89892578125
poison_oak_atlantic,poison_oak_atlantic,0.54541015625
poison_oak_atlantic,poison_oak_atlantic,0.67724609375
poison_oak_atlantic,poison_oak_atlantic,0.97265625
poison_oak_atlantic,poison_oak_atlantic,0.919921875
poison_oak_atlantic,poison_oak_atlantic,0.4697265625
poison_oak_atlantic,poison_oak_atlantic,0.97412109375
poison_oak_atlantic,poison_oak_atlantic,0.9716796875
poison_oak_atlantic,poison_oak_atlantic,0.78857421875
poison_oak_atlantic,poison_oak_atlantic,0.9111328125
poison_oak_atlantic,poison_oak_atlantic,0.9111328125
poison_oak_atlantic,poison_oak_pacific,0.367919921875
poison_oak_atlantic,poison_oak_atlantic,0.99609375
poison_oak_atlantic,poison_oak_atlantic,0.81103515625
poison_oak_atlantic,poison_oak_atlantic,0.9736328125
poison_oak_atlantic,poison_oak_atlantic,0.970703125
poison_oak_atlantic,poison_oak_atlantic,0.71875
poison_oak_atlantic,poison_ivy_western,0.411865234375
poison_oak_atlantic,poison_oak_atlantic,0.452392578125
poison_oak_atlantic,poison_oak_atlantic,0.98779296875
poison_oak_atlantic,poison_oak_atlantic,0.253173828125
poison_oak_atlantic,poison_oak_atlantic,0.62890625
poison_oak_atlantic,poison_oak_atlantic,0.9482421875
poison_oak_atlantic,poison_oak_atlantic,0.8291015625
poison_oak_atlantic,poison_oak_atlantic,0.97509765625
poison_oak_atlantic,poison_oak_atlantic,0.95556640625
poison_oak_atlantic,poison_oak_atlantic,0.9208984375
poison_oak_atlantic,poison_oak_atlantic,0.58203125
poison_oak_atlantic,poison_oak_atlantic,0.83056640625
poison_oak_atlantic,poison_oak_atlantic,0.98681640625
poison_oak_atlantic,poison_oak_atlantic,0.869140625
poison_oak_atlantic,poison_oak_atlantic,0.87548828125
poison_oak_atlantic,poison_oak_atlantic,0.282958984375
poison_oak_atlantic,poison_oak_atlantic,0.67529296875
poison_oak_atlantic,poison_oak_atlantic,0.642578125
poison_oak_atlantic,poison_oak_atlantic,0.3759765625
poison_oak_atlantic,poison_oak_atlantic,0.9970703125
poison_oak_atlantic,poison_oak_atlantic,0.97705078125
poison_oak_atlantic,poison_oak_atlantic,0.4970703125
poison_oak_atlantic,poison_oak_atlantic,0.95068359375
poison_oak_atlantic,poison_ivy_eastern,0.3125
poison_oak_atlantic,poison_oak_atlantic,0.77685546875
poison_oak_atlantic,poison_oak_atlantic,0.515625
poison_oak_atlantic,poison_oak_atlantic,0.88671875
poison_oak_atlantic,poison_oak_atlantic,0.94091796875
poison_oak_atlantic,poison_oak_atlantic,0.91845703125
poison_oak_atlantic,poison_oak_atlantic,0.75244140625
poison_oak_atlantic,poison_oak_atlantic,0.8564453125
poison_oak_atlantic,poison_oak_atlantic,0.95556640625
poison_oak_atlantic,poison_oak_atlantic,0.67041015625
poison_oak_pacific,poison_oak_pacific,0.89990234375
poison_oak_pacific,poison_oak_pacific,0.6513671875
poison_oak_pacific,poison_oak_pacific,0.84912109375
poison_oak_pacific,poison_oak_pacific,0.91259765625
poison_oak_pacific,poison_ivy_eastern,0.305419921875
poison_oak_pacific,poison_oak_pacific,0.446044921875
poison_oak_pacific,poison_oak_pacific,0.80810546875
poison_oak_pacific,poison_oak_pacific,0.8642578125
poison_oak_pacific,poison_ivy_eastern,0.42041015625
poison_oak_pacific,fragrant_sumac,0.447265625
poison_oak_pacific,poison_oak_pacific,0.8935546875
poison_oak_pacific,poison_oak_pacific,0.44287109375
poison_oak_pacific,poison_oak_pacific,0.83447265625
poison_oak_pacific,poison_oak_pacific,0.61767578125
poison_oak_pacific,poison_oak_pacific,0.342529296875
poison_oak_pacific,poison_ivy_eastern,0.61767578125
poison_oak_pacific,poison_oak_pacific,0.9736328125
poison_oak_pacific,poison_oak_pacific,0.83984375
poison_oak_pacific,poison_oak_pacific,0.55615234375
poison_oak_pacific,poison_oak_pacific,0.8583984375
poison_oak_pacific,poison_oak_pacific,0.77392578125
poison_oak_pacific,poison_oak_pacific,0.491455078125
poison_oak_pacific,poison_oak_pacific,0.78515625
poison_oak_pacific,poison_oak_pacific,0.76904296875
poison_oak_pacific,poison_oak_pacific,0.462890625
poison_oak_pacific,poison_oak_pacific,0.9267578125
poison_oak_pacific,poison_oak_pacific,0.931640625
poison_oak_pacific,poison_oak_atlantic,0.56396484375
poison_oak_pacific,poison_oak_pacific,0.9658203125
poison_oak_pacific,poison_oak_pacific,0.583984375
poison_oak_pacific,poison_oak_pacific,0.5751953125
poison_oak_pacific,poison_oak_pacific,0.8984375
poison_oak_pacific,staghorn_sumac,0.2646484375
poison_oak_pacific,poison_oak_pacific,0.9501953125
poison_oak_pacific,poison_oak_pacific,0.8974609375
poison_oak_pacific,staghorn_sumac,0.28955078125
poison_oak_pacific,poison_oak_pacific,0.9931640625
poison_oak_pacific,poison_sumac,0.52783203125
poison_oak_pacific,poison_oak_pacific,0.9736328125
poison_oak_pacific,fragrant_sumac,0.275146484375
poison_oak_pacific,poison_oak_pacific,0.85791015625
poison_oak_pacific,poison_oak_pacific,0.7158203125
poison_oak_pacific,poison_oak_pacific,0.299072265625
poison_oak_pacific,fragrant_sumac,0.541015625
poison_oak_pacific,poison_oak_pacific,0.258544921875
poison_oak_pacific,poison_oak_pacific,0.9677734375
poison_oak_pacific,poison_ivy_eastern,0.398681640625
poison_oak_pacific,poison_ivy_eastern,0.61474609375
poison_oak_pacific,poison_oak_pacific,0.80517578125
poison_oak_pacific,poison_oak_pacific,0.311767578125
poison_oak_pacific,poison_oak_pacific,0.71728515625
poison_oak_pacific,poison_oak_pacific,0.58935546875
poison_oak_pacific,poison_oak_pacific,0.6923828125
poison_oak_pacific,poison_oak_pacific,0.61181640625
poison_oak_pacific,poison_oak_pacific,0.6962890625
poison_oak_pacific,poison_oak_pacific,0.65625
poison_oak_pacific,poison_oak_pacific,0.54736328125
poison_oak_pacific,poison_oak_pacific,0.9716796875
poison_oak_pacific,poison_oak_pacific,0.9052734375
poison_oak_pacific,poison_oak_pacific,0.505859375
poison_oak_pacific,poison_oak_pacific,0.45068359375
poison_oak_pacific,poison_oak_pacific,0.55419921875
poison_oak_pacific,poison_oak_pacific,0.91943359375
poison_oak_pacific,poison_oak_pacific,0.440673828125
poison_oak_pacific,poison_oak_pacific,0.81103515625
poison_oak_pacific,poison_oak_atlantic,0.28955078125
poison_oak_pacific,poison_oak_pacific,0.417236328125
poison_oak_pacific,poison_oak_pacific,0.35595703125
poison_oak_pacific,poison_oak_pacific,0.29638671875
poison_oak_pacific,poison_oak_pacific,0.96875
poison_oak_pacific,poison_ivy_eastern,0.36669921875
poison_oak_pacific,poison_oak_pacific,0.9892578125
poison_oak_pacific,poison_oak_pacific,0.94482421875
poison_oak_pacific,poison_oak_pacific,0.9033203125
poison_oak_pacific,poison_oak_pacific,0.96240234375
poison_oak_pacific,fragrant_sumac,0.51708984375
poison_oak_pacific,poison_oak_pacific,0.85107421875
poison_oak_pacific,poison_oak_pacific,0.97705078125
poison_oak_pacific,poison_oak_pacific,0.6650390625
poison_oak_pacific,poison_oak_pacific,0.92578125
poison_oak_pacific,poison_oak_pacific,0.353515625
poison_oak_pacific,poison_oak_pacific,0.7841796875
poison_oak_pacific,poison_oak_pacific,0.75244140625
poison_oak_pacific,poison_oak_pacific,0.64990234375
poison_oak_pacific,poison_oak_pacific,0.97998046875
poison_oak_pacific,poison_oak_pacific,0.92822265625
poison_oak_pacific,poison_oak_pacific,0.490966796875
poison_oak_pacific,poison_oak_pacific,0.91015625
poison_oak_pacific,poison_oak_pacific,0.8037109375
poison_oak_pacific,poison_oak_pacific,0.755859375
poison_oak_pacific,poison_oak_pacific,0.927734375
poison_oak_pacific,poison_oak_pacific,0.48583984375
poison_oak_pacific,poison_oak_pacific,0.9208984375
poison_oak_pacific,poison_oak_pacific,0.74853515625
poison_oak_pacific,poison_oak_pacific,0.68017578125
poison_oak_pacific,poison_oak_pacific,0.77294921875
poison_oak_pacific,poison_oak_pacific,0.54736328125
poison_oak_pacific,fragrant_sumac,0.50634765625
poison_oak_pacific,fragrant_sumac,0.458251953125
poison_oak_pacific,poison_oak_pacific,0.8583984375
poison_oak_pacific,poison_oak_pacific,0.6025390625
poison_oak_pacific,poison_oak_pacific,0.88134765625
poison_oak_pacific,poison_oak_pacific,0.9580078125
poison_oak_pacific,poison_oak_pacific,0.8974609375
poison_oak_pacific,poison_oak_pacific,0.9072265625
poison_oak_pacific,poison_oak_pacific,0.5478515625
poison_oak_pacific,poison_oak_pacific,0.84130859375
poison_oak_pacific,poison_oak_pacific,0.8701171875
poison_oak_pacific,poison_oak_pacific,0.8115234375
poison_oak_pacific,poison_oak_pacific,0.59033203125
poison_oak_pacific,poison_oak_pacific,0.88037109375
poison_oak_pacific,brambles,0.449462890625
poison_oak_pacific,poison_oak_pacific,0.98779296875
poison_oak_pacific,poison_oak_pacific,0.73193359375
poison_oak_pacific,poison_oak_pacific,0.81640625
poison_oak_pacific,poison_oak_pacific,0.97607421875
poison_oak_pacific,poison_oak_pacific,0.8076171875
poison_oak_pacific,poison_oak_pacific,0.57373046875
poison_oak_pacific,poison_oak_pacific,0.76513671875
poison_oak_pacific,poison_oak_pacific,0.81103515625
poison_oak_pacific,poison_oak_pacific,0.9111328125
poison_oak_pacific,poison_oak_pacific,0.90966796875
poison_oak_pacific,poison_oak_pacific,0.92236328125
poison_oak_pacific,poison_oak_pacific,0.5908203125
poison_oak_pacific,poison_oak_pacific,0.83984375
poison_oak_pacific,poison_oak_pacific,0.77099609375
poison_oak_pacific,poison_oak_pacific,0.6904296875
poison_oak_pacific,poison_oak_pacific,0.94384765625
poison_oak_pacific,poison_oak_pacific,0.81298828125
poison_oak_pacific,poison_oak_pacific,0.471435546875
poison_oak_pacific,poison_oak_pacific,0.8759765625
poison_oak_pacific,poison_oak_pacific,0.65283203125
poison_oak_pacific,poison_oak_pacific,0.27734375
poison_oak_pacific,box_elder,0.279541015625
poison_oak_pacific,poison_oak_pacific,0.83935546875
poison_oak_pacific,poison_oak_pacific,0.454833984375
poison_oak_pacific,poison_oak_atlantic,0.2213134765625
poison_oak_pacific,poison_oak_pacific,0.96484375
poison_oak_pacific,poison_oak_pacific,0.958984375
poison_oak_pacific,poison_oak_pacific,0.55029296875
poison_oak_pacific,poison_oak_pacific,0.94189453125
poison_oak_pacific,poison_oak_pacific,0.68359375
poison_oak_pacific,poison_oak_pacific,0.990234375
poison_sumac,poison_ivy_eastern,0.5849609375
poison_sumac,poison_sumac,0.97412109375
poison_sumac,poison_sumac,0.623046875
poison_sumac,poison_sumac,0.95068359375
poison_sumac,poison_sumac,0.97900390625
poison_sumac,poison_sumac,0.9912109375
poison_sumac,poison_sumac,0.98779296875
poison_sumac,poison_sumac,0.93359375
poison_sumac,poison_sumac,0.98779296875
poison_sumac,poison_sumac,0.990234375
poison_sumac,poison_sumac,0.98583984375
poison_sumac,poison_sumac,0.91845703125
poison_sumac,poison_sumac,0.90869140625
poison_sumac,poison_sumac,0.97265625
poison_sumac,poison_sumac,0.8671875
poison_sumac,poison_sumac,0.5849609375
poison_sumac,poison_sumac,0.84814453125
poison_sumac,poison_sumac,0.9931640625
poison_sumac,poison_sumac,0.36767578125
poison_sumac,poison_sumac,0.72509765625
poison_sumac,poison_sumac,0.8740234375
poison_sumac,poison_sumac,0.81005859375
poison_sumac,poison_sumac,0.45361328125
poison_sumac,poison_sumac,0.9501953125
poison_sumac,poison_sumac,0.98583984375
poison_sumac,poison_sumac,0.958984375
poison_sumac,poison_sumac,0.97705078125
poison_sumac,poison_sumac,0.9921875
poison_sumac,poison_sumac,0.990234375
poison_sumac,poison_sumac,0.83984375
poison_sumac,poison_sumac,0.9404296875
poison_sumac,poison_sumac,0.8759765625
poison_sumac,poison_sumac,0.92529296875
poison_sumac,poison_sumac,0.9052734375
poison_sumac,poison_sumac,0.66943359375
poison_sumac,poison_sumac,0.9404296875
poison_sumac,poison_sumac,0.7412109375
poison_sumac,poison_sumac,0.9716796875
poison_sumac,poison_sumac,0.66015625
poison_sumac,poison_sumac,0.53369140625
poison_sumac,poison_sumac,0.94384765625
poison_sumac,poison_sumac,0.98681640625
poison_sumac,poison_sumac,0.95703125
poison_sumac,poison_sumac,0.96875
poison_sumac,poison_sumac,0.9892578125
poison_sumac,poison_sumac,0.9267578125
poison_sumac,poison_sumac,0.93701171875
poison_sumac,poison_sumac,0.86181640625
poison_sumac,poison_sumac,0.97509765625
poison_sumac,poison_sumac,0.5595703125
poison_sumac,poison_sumac,0.55517578125
poison_sumac,poison_sumac,0.97900390625
poison_sumac,poison_sumac,0.62353515625
poison_sumac,poison_sumac,0.71728515625
poison_sumac,poison_sumac,0.7744140625
poison_sumac,poison_sumac,0.80615234375
poison_sumac,poison_sumac,0.61376953125
poison_sumac,poison_sumac,0.638671875
poison_sumac,poison_sumac,0.87451171875
poison_sumac,poison_sumac,0.8056640625
poison_sumac,poison_sumac,0.603515625
poison_sumac,brambles,0.5
poison_sumac,poison_sumac,0.95166015625
poison_sumac,poison_sumac,0.85498046875
poison_sumac,poison_sumac,0.89111328125
poison_sumac,poison_sumac,0.9384765625
poison_sumac,poison_sumac,0.94580078125
poison_sumac,poison_sumac,0.94189453125
poison_sumac,poison_sumac,0.468017578125
poison_sumac,poison_sumac,0.990234375
poison_sumac,poison_oak_pacific,0.265380859375
poison_sumac,poison_sumac,0.92919921875
poison_sumac,poison_sumac,0.9111328125
poison_sumac,poison_ivy_eastern,0.2164306640625
poison_sumac,poison_sumac,0.990234375
poison_sumac,poison_sumac,0.52978515625
poison_sumac,poison_sumac,0.52392578125
poison_sumac,poison_sumac,0.8798828125
poison_sumac,poison_sumac,0.990234375
poison_sumac,poison_sumac,0.97412109375
poison_sumac,poison_sumac,0.6875
poison_sumac,poison_sumac,0.96435546875
poison_sumac,staghorn_sumac,0.358154296875
poison_sumac,poison_sumac,0.9462890625
poison_sumac,poison_sumac,0.95556640625
poison_sumac,poison_sumac,0.90966796875
poison_sumac,poison_sumac,0.87744140625
poison_sumac,poison_sumac,0.837890625
poison_sumac,poison_sumac,0.927734375
poison_sumac,poison_sumac,0.6103515625
poison_sumac,poison_sumac,0.7333984375
poison_sumac,poison_sumac,0.732421875
poison_sumac,box_elder,0.372314453125
poison_sumac,box_elder,0.360107421875
poison_sumac,poison_sumac,0.95361328125
poison_sumac,poison_sumac,0.7841796875
poison_sumac,poison_sumac,0.9716796875
poison_sumac,poison_sumac,0.98583984375
poison_sumac,poison_sumac,0.83154296875
poison_sumac,poison_sumac,0.7705078125
poison_sumac,poison_sumac,0.45703125
poison_sumac,poison_sumac,0.90234375
poison_sumac,poison_sumac,0.93603515625
poison_sumac,poison_sumac,0.95458984375
poison_sumac,poison_sumac,0.8896484375
poison_sumac,poison_sumac,0.9921875
poison_sumac,poison_sumac,0.9013671875
poison_sumac,poison_sumac,0.95263671875
poison_sumac,poison_sumac,0.98876953125
poison_sumac,poison_sumac,0.599609375
poison_sumac,poison_sumac,0.9931640625
poison_sumac,poison_sumac,0.869140625
poison_sumac,poison_sumac,0.9912109375
poison_sumac,poison_sumac,0.916015625
poison_sumac,poison_sumac,0.939453125
poison_sumac,poison_sumac,0.966796875
poison_sumac,poison_sumac,0.9599609375
poison_sumac,poison_sumac,0.5166015625
poison_sumac,poison_sumac,0.61669921875
poison_sumac,poison_sumac,0.892578125
poison_sumac,poison_sumac,0.41845703125
poison_sumac,poison_sumac,0.86572265625
poison_sumac,poison_oak_atlantic,0.356689453125
poison_sumac,poison_sumac,0.336669921875
poison_sumac,poison_sumac,0.869140625
poison_sumac,poison_sumac,0.85498046875
poison_sumac,poison_sumac,0.990234375
poison_sumac,poison_sumac,0.736328125
poison_sumac,poison_sumac,0.9951171875
poison_sumac,poison_sumac,0.74853515625
poison_sumac,poison_sumac,0.95166015625
poison_sumac,poison_ivy_eastern,0.58642578125
poison_sumac,poison_sumac,0.98876953125
poison_sumac,poison_sumac,0.96875
poison_sumac,poison_sumac,0.92822265625
poison_sumac,poison_sumac,0.9951171875
poison_sumac,poison_sumac,0.97412109375
poison_sumac,poison_sumac,0.9921875
poison_sumac,poison_sumac,0.98876953125
poison_sumac,poison_sumac,0.9912109375
poison_sumac,poison_sumac,0.94189453125
poison_sumac,poison_sumac,0.88720703125
poison_sumac,poison_sumac,0.8291015625
staghorn_sumac,staghorn_sumac,0.98583984375
staghorn_sumac,poison_ivy_eastern,0.59033203125
staghorn_sumac,staghorn_sumac,0.99609375
staghorn_sumac,staghorn_sumac,0.98095703125
staghorn_sumac,staghorn_sumac,0.99609375
staghorn_sumac,staghorn_sumac,0.94482421875
staghorn_sumac,staghorn_sumac,0.919921875
staghorn_sumac,staghorn_sumac,0.98291015625
staghorn_sumac,staghorn_sumac,0.5625
staghorn_sumac,staghorn_sumac,0.7548828125
staghorn_sumac,staghorn_sumac,0.5185546875
staghorn_sumac,staghorn_sumac,0.9658203125
staghorn_sumac,staghorn_sumac,0.87841796875
staghorn_sumac,staghorn_sumac,0.70263671875
staghorn_sumac,staghorn_sumac,0.994140625
staghorn_sumac,staghorn_sumac,0.99609375
staghorn_sumac,staghorn_sumac,0.931640625
staghorn_sumac,staghorn_sumac,0.98095703125
staghorn_sumac,staghorn_sumac,0.9931640625
staghorn_sumac,staghorn_sumac,0.99609375
staghorn_sumac,staghorn_sumac,0.9970703125
staghorn_sumac,staghorn_sumac,0.712890625
staghorn_sumac,staghorn_sumac,0.80078125
staghorn_sumac,staghorn_sumac,0.98583984375
staghorn_sumac,staghorn_sumac,0.84912109375
staghorn_sumac,staghorn_sumac,0.9921875
staghorn_sumac,staghorn_sumac,0.9921875
staghorn_sumac,staghorn_sumac,0.99609375
staghorn_sumac,staghorn_sumac,0.98486328125
staghorn_sumac,staghorn_sumac,0.9970703125
staghorn_sumac,staghorn_sumac,0.853515625
staghorn_sumac,staghorn_sumac,0.8974609375
staghorn_sumac,staghorn_sumac,0.99609375
staghorn_sumac,staghorn_sumac,0.9990234375
staghorn_sumac,staghorn_sumac,0.87158203125
staghorn_sumac,staghorn_sumac,0.9970703125
staghorn_sumac,staghorn_sumac,0.99609375
staghorn_sumac,staghorn_sumac,0.98583984375
staghorn_sumac,staghorn_sumac,0.96142578125
staghorn_sumac,staghorn_sumac,0.9150390625
staghorn_sumac,staghorn_sumac,0.998046875
staghorn_sumac,staghorn_sumac,0.87451171875
staghorn_sumac,staghorn_sumac,0.9931640625
staghorn_sumac,staghorn_sumac,0.98876953125
staghorn_sumac,staghorn_sumac,0.998046875
staghorn_sumac,staghorn_sumac,0.84912109375
staghorn_sumac,staghorn_sumac,0.9921875
staghorn_sumac,brambles,0.37841796875
staghorn_sumac,staghorn_sumac,0.9951171875
staghorn_sumac,staghorn_sumac,0.9736328125
staghorn_sumac,staghorn_sumac,0.475830078125
staghorn_sumac,staghorn_sumac,0.791015625
staghorn_sumac,staghorn_sumac,0.60791015625
staghorn_sumac,staghorn_sumac,0.83544921875
staghorn_sumac,staghorn_sumac,0.8388671875
staghorn_sumac,staghorn_sumac,0.88720703125
staghorn_sumac,staghorn_sumac,0.9150390625
staghorn_sumac,staghorn_sumac,0.99609375
staghorn_sumac,staghorn_sumac,0.58984375
staghorn_sumac,staghorn_sumac,0.99609375
staghorn_sumac,staghorn_sumac,0.98583984375
staghorn_sumac,staghorn_sumac,0.970703125
staghorn_sumac,staghorn_sumac,0.98486328125
staghorn_sumac,staghorn_sumac,0.70458984375
staghorn_sumac,staghorn_sumac,0.83984375
staghorn_sumac,brambles,0.30859375
staghorn_sumac,staghorn_sumac,0.56982421875
staghorn_sumac,staghorn_sumac,0.9580078125
staghorn_sumac,staghorn_sumac,0.92431640625
staghorn_sumac,staghorn_sumac,0.440185546875
staghorn_sumac,box_elder,0.5849609375
staghorn_sumac,staghorn_sumac,0.98779296875
staghorn_sumac,staghorn_sumac,0.76318359375
staghorn_sumac,staghorn_sumac,0.9267578125
staghorn_sumac,staghorn_sumac,0.994140625
staghorn_sumac,staghorn_sumac,0.9970703125
staghorn_sumac,staghorn_sumac,0.97802734375
staghorn_sumac,staghorn_sumac,0.9921875
staghorn_sumac,staghorn_sumac,0.66259765625
staghorn_sumac,staghorn_sumac,0.83251953125
staghorn_sumac,staghorn_sumac,0.990234375
staghorn_sumac,staghorn_sumac,0.994140625
staghorn_sumac,staghorn_sumac,0.736328125
staghorn_sumac,staghorn_sumac,0.98486328125
staghorn_sumac,staghorn_sumac,0.89697265625
staghorn_sumac,staghorn_sumac,0.97607421875
staghorn_sumac,staghorn_sumac,0.9482421875
staghorn_sumac,staghorn_sumac,0.95068359375
staghorn_sumac,staghorn_sumac,0.9052734375
staghorn_sumac,box_elder,0.468017578125
staghorn_sumac,staghorn_sumac,0.98583984375
staghorn_sumac,staghorn_sumac,0.99609375
staghorn_sumac,staghorn_sumac,0.61767578125
staghorn_sumac,staghorn_sumac,0.98095703125
staghorn_sumac,staghorn_sumac,0.994140625
staghorn_sumac,staghorn_sumac,0.9716796875
staghorn_sumac,staghorn_sumac,0.89697265625
staghorn_sumac,staghorn_sumac,0.2744140625
staghorn_sumac,staghorn_sumac,0.88671875
staghorn_sumac,staghorn_sumac,0.96435546875
staghorn_sumac,staghorn_sumac,0.9716796875
staghorn_sumac,staghorn_sumac,0.947265625
staghorn_sumac,staghorn_sumac,0.96337890625
staghorn_sumac,staghorn_sumac,0.70263671875
staghorn_sumac,staghorn_sumac,0.9892578125
staghorn_sumac,staghorn_sumac,0.990234375
staghorn_sumac,staghorn_sumac,0.9599609375
staghorn_sumac,staghorn_sumac,0.98193359375
staghorn_sumac,staghorn_sumac,0.98779296875
staghorn_sumac,staghorn_sumac,0.94921875
staghorn_sumac,staghorn_sumac,0.98486328125
staghorn_sumac,staghorn_sumac,0.98779296875
staghorn_sumac,staghorn_sumac,0.97802734375
staghorn_sumac,staghorn_sumac,0.9501953125
staghorn_sumac,staghorn_sumac,0.98583984375
staghorn_sumac,staghorn_sumac,0.849609375
staghorn_sumac,staghorn_sumac,0.53271484375
staghorn_sumac,staghorn_sumac,0.97607421875
staghorn_sumac,staghorn_sumac,0.98388671875
staghorn_sumac,staghorn_sumac,0.75537109375
staghorn_sumac,staghorn_sumac,0.98388671875
staghorn_sumac,staghorn_sumac,0.87548828125
staghorn_sumac,staghorn_sumac,0.98193359375
staghorn_sumac,staghorn_sumac,0.88525390625
staghorn_sumac,staghorn_sumac,0.481201171875
staghorn_sumac,staghorn_sumac,0.6923828125
staghorn_sumac,staghorn_sumac,0.71630859375
staghorn_sumac,staghorn_sumac,0.90087890625
staghorn_sumac,staghorn_sumac,0.98681640625
staghorn_sumac,staghorn_sumac,0.5693359375
staghorn_sumac,staghorn_sumac,0.998046875
staghorn_sumac,staghorn_sumac,0.998046875
staghorn_sumac,staghorn_sumac,0.99609375
staghorn_sumac,staghorn_sumac,0.9990234375
staghorn_sumac,staghorn_sumac,0.9970703125
staghorn_sumac,staghorn_sumac,0.9375
staghorn_sumac,staghorn_sumac,0.77099609375
staghorn_sumac,staghorn_sumac,0.990234375
staghorn_sumac,staghorn_sumac,0.9931640625
staghorn_sumac,staghorn_sumac,0.99609375
staghorn_sumac,virginia_creeper,0.283447265625
staghorn_sumac,staghorn_sumac,0.97265625
staghorn_sumac,staghorn_sumac,0.947265625
virginia_creeper,virginia_creeper,0.970703125
virginia_creeper,virginia_creeper,0.35009765625
virginia_creeper,virginia_creeper,0.9716796875
virginia_creeper,poison_oak_pacific,0.2127685546875
virginia_creeper,virginia_creeper,0.966796875
virginia_creeper,virginia_creeper,0.994140625
virginia_creeper,virginia_creeper,0.94580078125
virginia_creeper,virginia_creeper,0.98681640625
virginia_creeper,virginia_creeper,0.7509765625
virginia_creeper,virginia_creeper,0.93603515625
virginia_creeper,virginia_creeper,0.50146484375
virginia_creeper,virginia_creeper,0.9697265625
virginia_creeper,virginia_creeper,0.966796875
virginia_creeper,virginia_creeper,0.85107421875
virginia_creeper,virginia_creeper,0.9599609375
virginia_creeper,virginia_creeper,0.9921875
virginia_creeper,virginia_creeper,0.97705078125
virginia_creeper,virginia_creeper,0.9921875
virginia_creeper,virginia_creeper,0.9912109375
virginia_creeper,virginia_creeper,0.9697265625
virginia_creeper,virginia_creeper,0.76806640625
virginia_creeper,box_elder,0.207275390625
virginia_creeper,box_elder,0.2900390625
virginia_creeper,virginia_creeper,0.56396484375
virginia_creeper,virginia_creeper,0.9951171875
virginia_creeper,virginia_creeper,0.67919921875
virginia_creeper,virginia_creeper,0.86767578125
virginia_creeper,poison_ivy_western,0.345947265625
virginia_creeper,virginia_creeper,0.9482421875
virginia_creeper,virginia_creeper,0.83349609375
virginia_creeper,virginia_creeper,0.97265625
virginia_creeper,virginia_creeper,0.9951171875
virginia_creeper,virginia_creeper,0.732421875
virginia_creeper,virginia_creeper,0.8603515625
virginia_creeper,virginia_creeper,0.94287109375
virginia_creeper,virginia_creeper,0.9658203125
virginia_creeper,virginia_creeper,0.947265625
virginia_creeper,virginia_creeper,0.93701171875
virginia_creeper,virginia_creeper,0.98486328125
virginia_creeper,virginia_creeper,0.59912109375
virginia_creeper,virginia_creeper,0.869140625
virginia_creeper,virginia_creeper,0.97998046875
virginia_creeper,virginia_creeper,0.98193359375
virginia_creeper,virginia_creeper,0.9462890625
virginia_creeper,virginia_creeper,0.94384765625
virginia_creeper,virginia_creeper,0.94384765625
virginia_creeper,virginia_creeper,0.94287109375
virginia_creeper,virginia_creeper,0.9072265625
virginia_creeper,virginia_creeper,0.97412109375
virginia_creeper,virginia_creeper,0.7470703125
virginia_creeper,virginia_creeper,0.9462890625
virginia_creeper,virginia_creeper,0.35693359375
virginia_creeper,virginia_creeper,0.52001953125
virginia_creeper,virginia_creeper,0.9921875
virginia_creeper,virginia_creeper,0.98193359375
virginia_creeper,virginia_creeper,0.95458984375
virginia_creeper,virginia_creeper,0.93701171875
virginia_creeper,virginia_creeper,0.998046875
virginia_creeper,virginia_creeper,0.97802734375
virginia_creeper,virginia_creeper,0.6142578125
virginia_creeper,virginia_creeper,0.61181640625
virginia_creeper,virginia_creeper,0.95263671875
virginia_creeper,virginia_creeper,0.9970703125
virginia_creeper,virginia_creeper,0.9345703125
virginia_creeper,virginia_creeper,0.95458984375
virginia_creeper,virginia_creeper,0.3857421875
virginia_creeper,virginia_creeper,0.95458984375
virginia_creeper,virginia_creeper,0.83056640625
virginia_creeper,virginia_creeper,0.91943359375
virginia_creeper,brambles,0.93701171875
virginia_creeper,virginia_creeper,0.927734375
virginia_creeper,virginia_creeper,0.9052734375
virginia_creeper,virginia_creeper,0.77978515625
virginia_creeper,poison_ivy_eastern,0.365966796875
virginia_creeper,virginia_creeper,0.744140625
virginia_creeper,virginia_creeper,0.98486328125
virginia_creeper,virginia_creeper,0.97265625
virginia_creeper,virginia_creeper,0.98486328125
virginia_creeper,virginia_creeper,0.701171875
virginia_creeper,virginia_creeper,0.97802734375
virginia_creeper,virginia_creeper,0.916015625
virginia_creeper,virginia_creeper,0.9580078125
virginia_creeper,virginia_creeper,0.658203125
virginia_creeper,virginia_creeper,0.9921875
virginia_creeper,box_elder,0.285400390625
virginia_creeper,poison_ivy_eastern,0.39599609375
virginia_creeper,virginia_creeper,0.97607421875
virginia_creeper,virginia_creeper,0.98876953125
virginia_creeper,virginia_creeper,0.87890625
virginia_creeper,virginia_creeper,0.76025390625
virginia_creeper,virginia_creeper,0.98388671875
virginia_creeper,virginia_creeper,0.459716796875
virginia_creeper,virginia_creeper,0.96875
virginia_creeper,virginia_creeper,0.98681640625
virginia_creeper,virginia_creeper,0.90380859375
virginia_creeper,virginia_creeper,0.9111328125
virginia_creeper,virginia_creeper,0.9697265625
virginia_creeper,virginia_creeper,0.99609375
virginia_creeper,virginia_creeper,0.98583984375
virginia_creeper,virginia_creeper,0.9677734375
virginia_creeper,virginia_creeper,0.95068359375
virginia_creeper,virginia_creeper,0.83056640625
virginia_creeper,virginia_creeper,0.84765625
virginia_creeper,virginia_creeper,0.92822265625
virginia_creeper,virginia_creeper,0.80810546875
virginia_creeper,virginia_creeper,0.9931640625
virginia_creeper,virginia_creeper,0.57470703125
virginia_creeper,virginia_creeper,0.998046875
virginia_creeper,poison_ivy_eastern,0.445556640625
virginia_creeper,virginia_creeper,0.95556640625
virginia_creeper,virginia_creeper,0.9736328125
virginia_creeper,virginia_creeper,0.98291015625
virginia_creeper,virginia_creeper,0.89990234375
virginia_creeper,poison_oak_pacific,0.472412109375
virginia_creeper,virginia_creeper,0.91845703125
virginia_creeper,virginia_creeper,0.994140625
virginia_creeper,virginia_creeper,0.91162109375
virginia_creeper,virginia_creeper,0.802734375
virginia_creeper,virginia_creeper,0.89892578125
virginia_creeper,virginia_creeper,0.8408203125
virginia_creeper,virginia_creeper,0.921875
virginia_creeper,virginia_creeper,0.98291015625
virginia_creeper,virginia_creeper,0.96240234375
virginia_creeper,virginia_creeper,0.92333984375
virginia_creeper,virginia_creeper,0.92431640625
virginia_creeper,poison_ivy_eastern,0.4248046875
virginia_creeper,virginia_creeper,0.93017578125
virginia_creeper,virginia_creeper,0.98486328125
virginia_creeper,virginia_creeper,0.9716796875
virginia_creeper,virginia_creeper,0.73193359375
virginia_creeper,virginia_creeper,0.95166015625
virginia_creeper,virginia_creeper,0.94921875
virginia_creeper,virginia_creeper,0.95166015625
virginia_creeper,virginia_creeper,0.939453125
virginia_creeper,virginia_creeper,0.94921875
virginia_creeper,virginia_creeper,0.98583984375
virginia_creeper,virginia_creeper,0.990234375
virginia_creeper,virginia_creeper,0.97900390625
virginia_creeper,virginia_creeper,0.94482421875
virginia_creeper,virginia_creeper,0.98193359375
virginia_creeper,virginia_creeper,0.97802734375
virginia_creeper,virginia_creeper,0.5947265625
virginia_creeper,virginia_creeper,0.87890625
